joss_id,title,language,predicted_categories,ground_truth,reasoning,success,error,raw_output
8057,HeXtractor: Extracting Heterogeneous Graphs from Structured and Textual Data for Graph Neural Networks,Python,[],"['Data Analytics', 'Hardware', 'Integrative Analysis', 'Modeling And Simulation', 'Process', 'Ris', 'Software', 'Software Analytics', 'Ui']",,False,Request timed out,
7570,LangFair: A Python Package for Assessing Bias and Fairness in Large Language Model Use Cases,Python,"['Data Analytics', 'Software', 'Ris']","['Data Analytics', 'Hardware', 'Integrative Analysis', 'Modeling And Simulation', 'Process', 'Ris', 'Software', 'Software Analytics', 'Ui']","Data Analytics (bottleneck, cachetools, datasets for data processing), Software (reusable library/tool for LLM bias assessment), Ris (google-cloud-* packages for research infrastructure and cloud-based services)",True,,"{""categories"": [""Data Analytics"", ""Software"", ""Ris""], ""reasoning"": ""Data Analytics (bottleneck, cachetools, datasets for data processing), Software (reusable library/tool for LLM bias assessment), Ris (google-cloud-* packages for research infrastructure and cloud-based services)""}"
1656,ASCENDS: Advanced data SCiENce toolkit for Non-Data Scientists,Python,"['Data Analytics', 'Software', 'Process']","['Data Analytics', 'Hardware', 'Integrative Analysis', 'Modeling And Simulation', 'Process', 'Ris', 'Software', 'Software Analytics', 'Ui']","Data Analytics (numpy, pandas for data processing), Software (ascends as a reusable library/tool), Process (pre-commit, pytest, pydantic for development workflows and testing)",True,,"{""categories"": [""Data Analytics"", ""Software"", ""Process""], ""reasoning"": ""Data Analytics (numpy, pandas for data processing), Software (ascends as a reusable library/tool), Process (pre-commit, pytest, pydantic for development workflows and testing)""}

Note: The large number of dependencies suggests that this is a comprehensive toolkit with many features, but the categories are still relatively straightforward."
1361,SMACT: Semiconducting Materials by Analogy and Chemical Theory,Python,"['Ris', 'Data Analytics', 'Software']","['Data Analytics', 'Hardware', 'Integrative Analysis', 'Modeling And Simulation', 'Process', 'Ris', 'Software', 'Software Analytics', 'Ui']","Ris (ase for materials research infrastructure), Data Analytics ( ElementEmbeddings, ase for data analysis), Software (reusable library/tool with many dependencies indicating a complex software package)",True,,"{""categories"": [""Ris"", ""Data Analytics"", ""Software""], ""reasoning"": ""Ris (ase for materials research infrastructure), Data Analytics ( ElementEmbeddings, ase for data analysis), Software (reusable library/tool with many dependencies indicating a complex software package)""}"
4633,GNU Data Language 1.0: a free/libre and open-source drop-in replacement for IDL/PV-WAVE,C++,"['Software', 'Data Analytics']","['Data Analytics', 'Hardware', 'Integrative Analysis', 'Modeling And Simulation', 'Ris', 'Software', 'Ui']","Software (GDL is a free/libre and open-source drop-in replacement for IDL/PV-WAVE, indicating it's a reusable library), Data Analytics (dependencies include various libraries for numerical computations, data visualization, and file formats, suggesting it's used for data analysis)",True,,"{""categories"": [""Software"", ""Data Analytics""], ""reasoning"": ""Software (GDL is a free/libre and open-source drop-in replacement for IDL/PV-WAVE, indicating it's a reusable library), Data Analytics (dependencies include various libraries for numerical computations, data visualization, and file formats, suggesting it's used for data analysis)""}

Note: The sheer number of dependencies makes it difficult to pinpoint exact categories. However, based on the description and the types of dependencies listed, I've categorized it as a Software repository with Data Analytics capabilities."
